{"angolo":[0.0,1.42497427251541,1.69270961121763,1.93882398886956,3.52877121936649,2.75205226338952,3.95109118413498,4.07378003197405,4.18883164342798,3.49727271813452,4.5853358985611,4.49467809524177,4.49467809524177,5.34565680176899,5.34565680176899,5.41186915231703,4.9496093342141,5.91755575243073,5.91755575243073,5.91755575243073,6.82597507268975,6.82597507268975,5.79023200754336,6.59602669051791,7.76516601842533,6.6418633043499,6.6418633043499,7.76516601842533,7.76516601842533,9.1623470457217,9.1623470457217,9.23396673281115,9.23396673281115,9.40174306004205,9.40174306004205,9.40174306004205,11.1316266818551,9.50087060735372,9.50087060735372,11.5792408527157,11.5792408527157,12.1638713734209,12.1638713734209,13.475759155925,15.8952683725813,16.7377926333217,14.8901823673271,20.7597828103418,23.0202847214831,41.4552335444051,52.7651660184253,52.7651660184253,156.801409486352,154.075098492446,169.330217195503,171.819770117502,176.455233544405,177.460319549659,182.570737110691,181.055329210668,181.424974272515,182.570737110691,182.795425290315,183.001524327699,183.191244758524,183.36646066343,183.67954923845,183.951091184135,184.073780031974,184.188831643428,184.296936759508,184.398705354996,184.494678095242,184.585335898561,184.671107959508,184.902760792314,185.834578577258,185.834578577258,185.743801078069,186.367984991129,187.765166018425,186.64186330435,0.812208550251412],"distanza":[45.6070170039655,44.3846820423443,43.9317652729776,44.7213595499958,44.2831796509691,45.1774279923061,45.0444225182208,46.0108682813094,46,47.0106370941726,47.2652091923859,45.2769256906871,44.407206622349,44.5533388198909,43.7378554572581,44.1474801092882,35.4400902933387,34.7850542618522,35.1140997321589,34.5398320783411,33.6154726279432,33.1058907144937,31.7804971641414,26.4196896272458,26.0768096208106,26.6270539113887,26.4007575648882,25.6124969497314,25.4950975679639,21.4009345590327,21.6333076527839,20.2484567313166,20.591260281974,19.6977156035922,20.2484567313166,19.9248588451713,20.6155281280883,20.3960780543711,21.2132034355964,20.0997512422418,21.0237960416286,21.095023109729,22.2036033111745,23.0867927612304,24.3515913237718,23.4093998214393,22.8473193175917,23.7065391822594,23.3238075793812,25,24.8394846967484,25.4950975679639,25.6124969497314,26.4007575648882,26.9258240356725,28.6530975637888,29.5465734053883,30.4630924234556,32.9848450049413,33.9558536926993,33.734255586866,36.2215405525497,37.2155881318568,38.1182371050918,39.1152144312159,39.0512483795333,41,43,44.0113621693308,45.0111097397076,45.0444225182208,46.0977222864644,47.0956473572665,48.1663783151692,48.2597140480546,50.4876222454574,51.9230199429887,50.5964425626941,47.7598157450382,46.4865571966778,28.3019433961698,26.9258240356725,46.1735855224608],"samples":[45.6070170039655,44.3846820423443,43.9317652729776,44.7213595499958,44.2831796509691,45.1774279923061,45.0444225182208,46.0108682813094,46,47.0106370941726,47.2652091923859,45.2769256906871,44.407206622349,44.5533388198909,43.7378554572581,44.1474801092882,35.4400902933387,34.7850542618522,35.1140997321589,34.5398320783411,33.6154726279432,33.1058907144937,31.7804971641414,26.4196896272458,26.0768096208106,26.6270539113887,26.4007575648882,25.6124969497314,25.4950975679639,21.4009345590327,21.6333076527839,20.2484567313166,20.591260281974,19.6977156035922,20.2484567313166,19.9248588451713,20.6155281280883,20.3960780543711,21.2132034355964,20.0997512422418,21.0237960416286,21.095023109729,22.2036033111745,23.0867927612304,24.3515913237718,23.4093998214393,22.8473193175917,23.7065391822594,23.3238075793812,25,24.8394846967484,25.4950975679639,25.6124969497314,26.4007575648882,26.9258240356725,28.6530975637888,29.5465734053883,30.4630924234556,32.9848450049413,33.9558536926993,33.734255586866,36.2215405525497,37.2155881318568,38.1182371050918,39.1152144312159,39.0512483795333,41,43,44.0113621693308,45.0111097397076,45.0444225182208,46.0977222864644,47.0956473572665,48.1663783151692,48.2597140480546,50.4876222454574,51.9230199429887,50.5964425626941,47.7598157450382,46.4865571966778,28.3019433961698,26.9258240356725,46.1735855224608,0.0,0.0,0.0,0.0,0.0,0.0,0.0,0.0,0.0,0.0,0.0,0.0,0.0,0.0,0.0,0.0,0.0,0.0,0.0,0.0,0.0,0.0,0.0,0.0,0.0,0.0,0.0,0.0,0.0,0.0,0.0,0.0,0.0,0.0,0.0,0.0,0.0]}{"angolo":[0.0,338.198590513648,338.198590513648,348.69006752598,348.69006752598,333.434948822922,315,270,270,270,262.874983651098,258.69006752598,254.744881296942,246.801409486352,238.570434385161,235.007979801441,235.713123022791,234.688786560367,234.688786560367,231.34019174591,231.34019174591,229.236394799059,229.398705354996,229.398705354996,228.122130462116,226.789910608246,226.789910608246,225.909380449199,225,225,224.144902603733,223.315315682104,222.510447078001,222.510447078001,221.308614013549,221.308614013549,221.423665625003,221.308614013549,221.308614013549,219.805571092265,217.746805387275,218.65980825409,218.418055344822,218.157226587369,217.874983651098,216.158185439808,210.963756532074,210.068582821862,198.434948822922,197.102728969052,192.994616791917,180,180,172.874983651098,156.801409486352,128.65980825409,97.1250163489018,90,84.2894068625004,84.2894068625004,74.7448812969422,74.7448812969422,71.565051177078,64.9831065219,63.434948822922,59.5344550805401,53.9726266148964,53.9726266148964,49.7636416907262,49.7636416907262,48.1221304621157,48.1221304621157,46.974934010882,46.0050860052542,45.9710219310792,45.9391909457356,45,45.830315486258,45,44.23610153907,43.4088597288054,41.8201698801358,41.7295120768164,41.7295120768164,40.4622274920934,40.3141001604973,39.0938588862295,39.0938588862295,38.8844964337146,38.6598082540901,38.418055344822,36.869897645844,37.8749836510982,36.1581854398083,35.3112134396332,35.3112134396332,31.3286928678042,31.7594800848128,28.8107937429731,27.75854060106,26.565051177078,19.6538240580533,17.1027289690524],"distanza":[32.2024843762092,28.3196045170126,26.9072480941474,26.2488094968134,23.43074902772,23.3452350598575,24.0416305603426,24.2074368738204,25.6124969497314,27.2029410174709,26.6270539113887,26.9258240356725,28.6530975637888,29.5465734053883,27.6586333718787,29.2745623366089,31.2569992161756,31.0161248385416,30,30.1496268633627,29.2745623366089,30.6757233003559,29.732137494637,29.1547594742265,30.4630924234556,33.8378486313773,33.0151480384384,32.8024389337135,36.0693775937429,36.0693775937429,34.7131099154196,35.2278299076171,36.0555127546399,36.3593179253957,34.0147027033899,34.5398320783411,35.4682957019364,35.1140997321589,35.7351367704113,34.5253530032641,35.3553390593274,35.2278299076171,34.2344855372474,33.1360830515618,33.0605505096331,32.0156211871642,32.9848450049413,32.2800247831379,34.8855270850248,34.4818792991333,34.9857113690718,34.4093010681705,35,34.828149534536,36.1247837363769,36.0693775937429,33.4215499341368,33.6005952328229,32.4499614791759,31.0644491340181,30.0166620396073,28.6530975637888,28.1780056072107,29.1547594742265,28.4604989415154,29.1204395571221,28,27.0185121722126,28.1602556806574,27.5136329843952,29.5296461204668,29.1547594742265,30.2324329156619,30,30.6104557300279,32.0156211871642,33.9705755029261,35.3836120259083,38.2099463490856,38.4187454245971,37.2021504754766,38.9101529166874,38.4837628097877,39,37.3630833845388,36.1386219991853,35.6931365951495,36.4965751817893,36.3455636907725,35.2278299076171,35.1283361405006,34.0587727318528,34.0147027033899,33,33.1360830515618,34.2344855372474,34.7131099154196,33.9558536926993,34.4818792991333,33.8378486313773,34.1760149812701,32.649655434629,33.1209903233584],